{
  "version": 1,
  "author": "Uri Shaked",
  "editor": "wokwi",
  "parts": [
    { "type": "wokwi-arduino-uno", "id": "uno", "top": 96.6, "left": 18.6, "attrs": {} },
    {
      "type": "wokwi-servo",
      "id": "servo",
      "top": 142,
      "left": 374.4,
      "attrs": { "hornColor": "black" }
    },
    {
      "type": "wokwi-ntc-temperature-sensor",
      "id": "ntc1",
      "top": 329,
      "left": 18.6,
      "attrs": {}
    },
    {
      "type": "wokwi-slide-potentiometer",
      "id": "pot1",
      "top": 302.6,
      "left": 363.8,
      "attrs": { "travelLength": "30" }
    }
  ],
  "connections": [
    [ "uno:9", "servo:PWM", "orange", [ "v-20", "*", "h0", "h-52" ] ],
    [ "uno:5V", "servo:V+", "red", [ "v20", "h0", "*", "h-20" ] ],
    [ "uno:GND.1", "servo:GND", "black", [ "v-28", "h0", "*", "h-35" ] ],
    [ "ntc1:GND", "uno:GND.3", "black", [ "h0" ] ],
    [ "ntc1:VCC", "uno:VIN", "red", [ "h0" ] ],
    [ "ntc1:OUT", "uno:A0", "green", [ "h0" ] ],
    [ "pot1:SIG", "uno:A1", "green", [ "h0" ] ],
    [ "pot1:VCC", "uno:5V", "red", [ "h0" ] ],
    [ "pot1:GND", "uno:GND.1", "black", [ "v-268.8", "h-263.6" ] ]
  ],
  "dependencies": {}
}